tinh_thanh,vung_kinh_te,vung_mien,nam,so_ket_hon,tfr,dan_so_2019,mat_do,ty_le_ket_hon,tfr_level,marriage_rate_level,urban_rural,so_ket_hon_prev,trend,trend_label
An Giang,Đồng bằng sông Cửu Long,Nam,2019,19080.0,1.85,539.0,540.8,35398.88682745826,Trung bình,Trung bình,Bán đô thị,,0,Giảm
An Giang,Đồng bằng sông Cửu Long,Nam,2020,16448.0,1.9,539.0,540.8,30515.769944341373,Trung bình,Trung bình,Bán đô thị,19080.0,0,Giảm
An Giang,Đồng bằng sông Cửu Long,Nam,2021,13765.0,1.94,539.0,540.8,25538.03339517625,Trung bình,Trung bình,Bán đô thị,16448.0,0,Giảm
An Giang,Đồng bằng sông Cửu Long,Nam,2022,19300.0,1.85,539.0,540.8,35807.05009276438,Trung bình,Trung bình,Bán đô thị,13765.0,1,Tăng/Giữ nguyên
An Giang,Đồng bằng sông Cửu Long,Nam,2023,17715.0,1.81,539.0,540.8,32866.41929499072,Trung bình,Trung bình,Bán đô thị,19300.0,0,Giảm
An Giang,Đồng bằng sông Cửu Long,Nam,2024,15532.0,1.74,539.0,540.8,28816.326530612245,Thấp,Trung bình,Bán đô thị,17715.0,0,Giảm
Bà Rịa - Vũng Tàu,Đông Nam Bộ,Nam,2019,10225.0,1.87,582.0,602.6,17568.72852233677,Trung bình,Thấp,Bán đô thị,,0,Giảm
Bà Rịa - Vũng Tàu,Đông Nam Bộ,Nam,2020,9027.0,1.94,582.0,602.6,15510.309278350516,Trung bình,Thấp,Bán đô thị,10225.0,0,Giảm
Bà Rịa - Vũng Tàu,Đông Nam Bộ,Nam,2021,5504.0,1.78,582.0,602.6,9457.04467353952,Thấp,Thấp,Bán đô thị,9027.0,0,Giảm
Bà Rịa - Vũng Tàu,Đông Nam Bộ,Nam,2022,10130.0,1.91,582.0,602.6,17405.49828178694,Trung bình,Thấp,Bán đô thị,5504.0,1,Tăng/Giữ nguyên
Bà Rịa - Vũng Tàu,Đông Nam Bộ,Nam,2023,9252.0,1.61,582.0,602.6,15896.907216494847,Thấp,Thấp,Bán đô thị,10130.0,0,Giảm
Bà Rịa - Vũng Tàu,Đông Nam Bộ,Nam,2024,7805.0,1.53,582.0,602.6,13410.6529209622,Thấp,Thấp,Bán đô thị,9252.0,0,Giảm
Bình Dương,Đông Nam Bộ,Nam,2019,9638.0,1.54,912.0,1065.3,10567.982456140351,Thấp,Thấp,Đô thị,,0,Giảm
Bình Dương,Đông Nam Bộ,Nam,2020,8328.0,1.63,912.0,1065.3,9131.578947368422,Thấp,Thấp,Đô thị,9638.0,0,Giảm
Bình Dương,Đông Nam Bộ,Nam,2021,5996.0,1.62,912.0,1065.3,6574.561403508772,Thấp,Thấp,Đô thị,8328.0,0,Giảm
Bình Dương,Đông Nam Bộ,Nam,2022,9793.0,1.45,912.0,1065.3,10737.938596491227,Thấp,Thấp,Đô thị,5996.0,1,Tăng/Giữ nguyên
Bình Dương,Đông Nam Bộ,Nam,2023,8428.0,1.63,912.0,1065.3,9241.228070175439,Thấp,Thấp,Đô thị,9793.0,0,Giảm
Bình Dương,Đông Nam Bộ,Nam,2024,7829.0,1.57,912.0,1065.3,8584.429824561405,Thấp,Thấp,Đô thị,8428.0,0,Giảm
Bình Phước,Đông Nam Bộ,Nam,2019,6693.0,2.27,145.0,154.5,46158.620689655174,Cao,Cao,Nông thôn,,0,Giảm
Bình Phước,Đông Nam Bộ,Nam,2020,7305.0,2.25,145.0,154.5,50379.31034482759,Cao,Cao,Nông thôn,6693.0,1,Tăng/Giữ nguyên
Bình Phước,Đông Nam Bộ,Nam,2021,5518.0,2.21,145.0,154.5,38055.1724137931,Cao,Trung bình,Nông thôn,7305.0,0,Giảm
Bình Phước,Đông Nam Bộ,Nam,2022,9734.0,2.29,145.0,154.5,67131.03448275862,Cao,Cao,Nông thôn,5518.0,1,Tăng/Giữ nguyên
Bình Phước,Đông Nam Bộ,Nam,2023,8316.0,2.17,145.0,154.5,57351.724137931036,Cao,Cao,Nông thôn,9734.0,0,Giảm
Bình Phước,Đông Nam Bộ,Nam,2024,8545.0,2.09,145.0,154.5,58931.034482758616,Trung bình,Cao,Nông thôn,8316.0,1,Tăng/Giữ nguyên
Bình Thuận,Bắc Trung Bộ và Duyên hải miền Trung,Trung,2019,12327.0,1.91,155.0,159.4,79529.03225806452,Trung bình,Cao,Nông thôn,,0,Giảm
Bình Thuận,Bắc Trung Bộ và Duyên hải miền Trung,Trung,2020,11608.0,1.96,155.0,159.4,74890.32258064517,Trung bình,Cao,Nông thôn,12327.0,0,Giảm
Bình Thuận,Bắc Trung Bộ và Duyên hải miền Trung,Trung,2021,7314.0,2.06,155.0,159.4,47187.096774193546,Trung bình,Cao,Nông thôn,11608.0,0,Giảm
Bình Thuận,Bắc Trung Bộ và Duyên hải miền Trung,Trung,2022,12985.0,1.97,155.0,159.4,83774.1935483871,Trung bình,Cao,Nông thôn,7314.0,1,Tăng/Giữ nguyên
Bình Thuận,Bắc Trung Bộ và Duyên hải miền Trung,Trung,2023,11970.0,2.01,155.0,159.4,77225.8064516129,Trung bình,Cao,Nông thôn,12985.0,0,Giảm
Bình Thuận,Bắc Trung Bộ và Duyên hải miền Trung,Trung,2024,10259.0,1.97,155.0,159.4,66187.09677419355,Trung bình,Cao,Nông thôn,11970.0,0,Giảm
Bình Định,Bắc Trung Bộ và Duyên hải miền Trung,Trung,2019,12934.0,2.2,245.0,250.3,52791.83673469388,Cao,Cao,Nông thôn,,0,Giảm
Bình Định,Bắc Trung Bộ và Duyên hải miền Trung,Trung,2020,11126.0,2.24,245.0,250.3,45412.244897959186,Cao,Trung bình,Nông thôn,12934.0,0,Giảm
Bình Định,Bắc Trung Bộ và Duyên hải miền Trung,Trung,2021,8191.0,2.22,245.0,250.3,33432.65306122449,Cao,Trung bình,Nông thôn,11126.0,0,Giảm
Bình Định,Bắc Trung Bộ và Duyên hải miền Trung,Trung,2022,12204.0,2.02,245.0,250.3,49812.24489795918,Trung bình,Cao,Nông thôn,8191.0,1,Tăng/Giữ nguyên
Bình Định,Bắc Trung Bộ và Duyên hải miền Trung,Trung,2023,11509.0,1.97,245.0,250.3,46975.51020408163,Trung bình,Cao,Nông thôn,12204.0,0,Giảm
Bình Định,Bắc Trung Bộ và Duyên hải miền Trung,Trung,2024,10123.0,2.01,245.0,250.3,41318.36734693878,Trung bình,Trung bình,Nông thôn,11509.0,0,Giảm
Bạc Liêu,Đồng bằng sông Cửu Long,Nam,2019,6923.0,1.61,340.0,348.1,20361.764705882353,Thấp,Trung bình,Nông thôn,,0,Giảm
Bạc Liêu,Đồng bằng sông Cửu Long,Nam,2020,6549.0,1.66,340.0,348.1,19261.764705882353,Thấp,Thấp,Nông thôn,6923.0,0,Giảm
Bạc Liêu,Đồng bằng sông Cửu Long,Nam,2021,4401.0,1.56,340.0,348.1,12944.117647058823,Thấp,Thấp,Nông thôn,6549.0,0,Giảm
Bạc Liêu,Đồng bằng sông Cửu Long,Nam,2022,7063.0,1.46,340.0,348.1,20773.529411764706,Thấp,Trung bình,Nông thôn,4401.0,1,Tăng/Giữ nguyên
Bạc Liêu,Đồng bằng sông Cửu Long,Nam,2023,7124.0,1.53,340.0,348.1,20952.941176470587,Thấp,Trung bình,Nông thôn,7063.0,1,Tăng/Giữ nguyên
Bạc Liêu,Đồng bằng sông Cửu Long,Nam,2024,6036.0,1.54,340.0,348.1,17752.941176470587,Thấp,Thấp,Nông thôn,7124.0,0,Giảm
Bắc Giang,Trung du và miền núi phía Bắc,Bắc,2019,12792.0,2.31,465.0,503.8,27509.677419354837,Cao,Trung bình,Bán đô thị,,0,Giảm
Bắc Giang,Trung du và miền núi phía Bắc,Bắc,2020,11101.0,2.3,465.0,503.8,23873.118279569895,Cao,Trung bình,Bán đô thị,12792.0,0,Giảm
Bắc Giang,Trung du và miền núi phía Bắc,Bắc,2021,8804.0,2.32,465.0,503.8,18933.333333333332,Cao,Thấp,Bán đô thị,11101.0,0,Giảm
Bắc Giang,Trung du và miền núi phía Bắc,Bắc,2022,13489.0,2.35,465.0,503.8,29008.602150537634,Cao,Trung bình,Bán đô thị,8804.0,1,Tăng/Giữ nguyên
Bắc Giang,Trung du và miền núi phía Bắc,Bắc,2023,12856.0,2.22,465.0,503.8,27647.31182795699,Cao,Trung bình,Bán đô thị,13489.0,0,Giảm
Bắc Giang,Trung du và miền núi phía Bắc,Bắc,2024,12720.0,2.21,465.0,503.8,27354.83870967742,Cao,Trung bình,Bán đô thị,12856.0,0,Giảm
Bắc Kạn,Trung du và miền núi phía Bắc,Bắc,2019,2203.0,2.14,65.0,67.9,33892.30769230769,Cao,Trung bình,Nông thôn,,0,Giảm
Bắc Kạn,Trung du và miền núi phía Bắc,Bắc,2020,2079.0,2.14,65.0,67.9,31984.615384615383,Cao,Trung bình,Nông thôn,2203.0,0,Giảm
Bắc Kạn,Trung du và miền núi phía Bắc,Bắc,2021,1958.0,2.22,65.0,67.9,30123.076923076922,Cao,Trung bình,Nông thôn,2079.0,0,Giảm
Bắc Kạn,Trung du và miền núi phía Bắc,Bắc,2022,1929.0,2.07,65.0,67.9,29676.923076923078,Trung bình,Trung bình,Nông thôn,1958.0,0,Giảm
Bắc Kạn,Trung du và miền núi phía Bắc,Bắc,2023,1948.0,2.06,65.0,67.9,29969.23076923077,Trung bình,Trung bình,Nông thôn,1929.0,1,Tăng/Giữ nguyên
Bắc Kạn,Trung du và miền núi phía Bắc,Bắc,2024,1872.0,2.18,65.0,67.9,28800.0,Cao,Trung bình,Nông thôn,1948.0,0,Giảm
Bắc Ninh,Đồng bằng sông Hồng,Bắc,2019,8534.0,2.53,1676.0,1879.9,5091.885441527446,Cao,Thấp,Đô thị,,0,Giảm
Bắc Ninh,Đồng bằng sông Hồng,Bắc,2020,7338.0,2.49,1676.0,1879.9,4378.281622911694,Cao,Thấp,Đô thị,8534.0,0,Giảm
Bắc Ninh,Đồng bằng sông Hồng,Bắc,2021,6552.0,2.6,1676.0,1879.9,3909.3078758949882,Cao,Thấp,Đô thị,7338.0,0,Giảm
Bắc Ninh,Đồng bằng sông Hồng,Bắc,2022,8486.0,2.53,1676.0,1879.9,5063.245823389021,Cao,Thấp,Đô thị,6552.0,1,Tăng/Giữ nguyên
Bắc Ninh,Đồng bằng sông Hồng,Bắc,2023,8291.0,2.3,1676.0,1879.9,4946.897374701671,Cao,Thấp,Đô thị,8486.0,0,Giảm
Bắc Ninh,Đồng bằng sông Hồng,Bắc,2024,7781.0,2.31,1676.0,1879.9,4642.601431980907,Cao,Thấp,Đô thị,8291.0,0,Giảm
Bắc Trung Bộ và duyên hải miền Trung,,,2019,161817.0,2.32,,,,Cao,,Nông thôn,,0,Giảm
Bắc Trung Bộ và duyên hải miền Trung,,,2020,143096.0,2.31,,,,Cao,,Nông thôn,161817.0,0,Giảm
Bắc Trung Bộ và duyên hải miền Trung,,,2021,117157.0,2.32,,,,Cao,,Nông thôn,143096.0,0,Giảm
Bắc Trung Bộ và duyên hải miền Trung,,,2022,157839.0,2.29,,,,Cao,,Nông thôn,117157.0,1,Tăng/Giữ nguyên
Bắc Trung Bộ và duyên hải miền Trung,,,2023,152492.0,2.26,,,,Cao,,Nông thôn,157839.0,0,Giảm
Bắc Trung Bộ và duyên hải miền Trung,,,2024,135653.0,2.11,,,,Cao,,Nông thôn,152492.0,0,Giảm
Bến Tre,Đồng bằng sông Cửu Long,Nam,2019,10845.0,1.86,538.0,548.9,20157.99256505576,Trung bình,Trung bình,Bán đô thị,,0,Giảm
Bến Tre,Đồng bằng sông Cửu Long,Nam,2020,10349.0,1.87,538.0,548.9,19236.059479553904,Trung bình,Thấp,Bán đô thị,10845.0,0,Giảm
Bến Tre,Đồng bằng sông Cửu Long,Nam,2021,6995.0,1.64,538.0,548.9,13001.858736059481,Thấp,Thấp,Bán đô thị,10349.0,0,Giảm
Bến Tre,Đồng bằng sông Cửu Long,Nam,2022,10647.0,1.62,538.0,548.9,19789.96282527881,Thấp,Thấp,Bán đô thị,6995.0,1,Tăng/Giữ nguyên
Bến Tre,Đồng bằng sông Cửu Long,Nam,2023,10489.0,1.62,538.0,548.9,19496.282527881038,Thấp,Thấp,Bán đô thị,10647.0,0,Giảm
Bến Tre,Đồng bằng sông Cửu Long,Nam,2024,8813.0,1.56,538.0,548.9,16381.040892193309,Thấp,Thấp,Bán đô thị,10489.0,0,Giảm
Cao Bằng,Trung du và miền núi phía Bắc,Bắc,2019,4626.0,2.43,79.0,83.3,58556.96202531646,Cao,Cao,Nông thôn,,0,Giảm
Cao Bằng,Trung du và miền núi phía Bắc,Bắc,2020,4295.0,2.42,79.0,83.3,54367.08860759494,Cao,Cao,Nông thôn,4626.0,0,Giảm
Cao Bằng,Trung du và miền núi phía Bắc,Bắc,2021,3995.0,2.4,79.0,83.3,50569.62025316456,Cao,Cao,Nông thôn,4295.0,0,Giảm
Cao Bằng,Trung du và miền núi phía Bắc,Bắc,2022,4116.0,2.4,79.0,83.3,52101.26582278481,Cao,Cao,Nông thôn,3995.0,1,Tăng/Giữ nguyên
Cao Bằng,Trung du và miền núi phía Bắc,Bắc,2023,3786.0,2.32,79.0,83.3,47924.05063291139,Cao,Cao,Nông thôn,4116.0,0,Giảm
Cao Bằng,Trung du và miền núi phía Bắc,Bắc,2024,3180.0,2.27,79.0,83.3,40253.16455696202,Cao,Trung bình,Nông thôn,3786.0,0,Giảm
Cà Mau,Đồng bằng sông Cửu Long,Nam,2019,10767.0,,229.0,229.8,47017.467248908295,,Cao,Nông thôn,,0,Giảm
Cà Mau,Đồng bằng sông Cửu Long,Nam,2020,10122.0,,229.0,229.8,44200.87336244541,,Trung bình,Nông thôn,10767.0,0,Giảm
Cà Mau,Đồng bằng sông Cửu Long,Nam,2021,6282.0,,229.0,229.8,27432.314410480347,,Trung bình,Nông thôn,10122.0,0,Giảm
Cà Mau,Đồng bằng sông Cửu Long,Nam,2022,12606.0,,229.0,229.8,55048.03493449782,,Cao,Nông thôn,6282.0,1,Tăng/Giữ nguyên
Cà Mau,Đồng bằng sông Cửu Long,Nam,2023,11911.0,,229.0,229.8,52013.10043668122,,Cao,Nông thôn,12606.0,0,Giảm
Cà Mau,Đồng bằng sông Cửu Long,Nam,2024,10575.0,,229.0,229.8,46179.03930131004,,Cao,Nông thôn,11911.0,0,Giảm
Cần Thơ,Đồng bằng sông Cửu Long,Nam,2019,8660.0,1.66,859.0,882.9,10081.490104772993,Thấp,Thấp,Bán đô thị,,0,Giảm
Cần Thơ,Đồng bằng sông Cửu Long,Nam,2020,7638.0,1.74,859.0,882.9,8891.73457508731,Thấp,Thấp,Bán đô thị,8660.0,0,Giảm
Cần Thơ,Đồng bằng sông Cửu Long,Nam,2021,5035.0,1.68,859.0,882.9,5861.466821885914,Thấp,Thấp,Bán đô thị,7638.0,0,Giảm
Cần Thơ,Đồng bằng sông Cửu Long,Nam,2022,9293.0,1.73,859.0,882.9,10818.393480791618,Thấp,Thấp,Bán đô thị,5035.0,1,Tăng/Giữ nguyên
Cần Thơ,Đồng bằng sông Cửu Long,Nam,2023,8785.0,1.44,859.0,882.9,10227.008149010477,Thấp,Thấp,Bán đô thị,9293.0,0,Giảm
Cần Thơ,Đồng bằng sông Cửu Long,Nam,2024,7645.0,1.45,859.0,882.9,8899.883585564608,Thấp,Thấp,Bán đô thị,8785.0,0,Giảm
Gia Lai,Tây Nguyên,Trung,2019,13261.0,2.49,98.0,105.4,135316.32653061225,Cao,Cao,Nông thôn,,0,Giảm
Gia Lai,Tây Nguyên,Trung,2020,12315.0,2.47,98.0,105.4,125663.26530612246,Cao,Cao,Nông thôn,13261.0,0,Giảm
Gia Lai,Tây Nguyên,Trung,2021,9726.0,2.44,98.0,105.4,99244.89795918367,Cao,Cao,Nông thôn,12315.0,0,Giảm
Gia Lai,Tây Nguyên,Trung,2022,14133.0,2.31,98.0,105.4,144214.2857142857,Cao,Cao,Nông thôn,9726.0,1,Tăng/Giữ nguyên
Gia Lai,Tây Nguyên,Trung,2023,14259.0,2.38,98.0,105.4,145500.0,Cao,Cao,Nông thôn,14133.0,1,Tăng/Giữ nguyên
Gia Lai,Tây Nguyên,Trung,2024,12926.0,2.33,98.0,105.4,131897.95918367346,Cao,Cao,Nông thôn,14259.0,0,Giảm
Huế,,,2019,9478.0,2.34,,,,Cao,,Nông thôn,,0,Giảm
Huế,,,2020,8090.0,2.29,,,,Cao,,Nông thôn,9478.0,0,Giảm
Huế,,,2021,6552.0,2.25,,,,Cao,,Nông thôn,8090.0,0,Giảm
Huế,,,2022,8211.0,2.38,,,,Cao,,Nông thôn,6552.0,1,Tăng/Giữ nguyên
Huế,,,2023,8416.0,2.22,,,,Cao,,Nông thôn,8211.0,1,Tăng/Giữ nguyên
Huế,,,2024,6963.0,2.07,,,,Trung bình,,Nông thôn,8416.0,0,Giảm
Hà Giang,Trung du và miền núi phía Bắc,Bắc,2019,7279.0,2.47,108.0,115.0,67398.14814814815,Cao,Cao,Nông thôn,,0,Giảm
Hà Giang,Trung du và miền núi phía Bắc,Bắc,2020,7617.0,2.57,108.0,115.0,70527.77777777777,Cao,Cao,Nông thôn,7279.0,1,Tăng/Giữ nguyên
Hà Giang,Trung du và miền núi phía Bắc,Bắc,2021,7347.0,2.62,108.0,115.0,68027.77777777777,Cao,Cao,Nông thôn,7617.0,0,Giảm
Hà Giang,Trung du và miền núi phía Bắc,Bắc,2022,8278.0,2.77,108.0,115.0,76648.14814814815,Cao,Cao,Nông thôn,7347.0,1,Tăng/Giữ nguyên
Hà Giang,Trung du và miền núi phía Bắc,Bắc,2023,7214.0,2.74,108.0,115.0,66796.29629629629,Cao,Cao,Nông thôn,8278.0,0,Giảm
Hà Giang,Trung du và miền núi phía Bắc,Bắc,2024,6703.0,2.69,108.0,115.0,62064.81481481482,Cao,Cao,Nông thôn,7214.0,0,Giảm
Hà Nam,Đồng bằng sông Hồng,Bắc,2019,5820.0,2.44,991.0,1037.5,5872.855701311806,Cao,Thấp,Đô thị,,0,Giảm
Hà Nam,Đồng bằng sông Hồng,Bắc,2020,4674.0,2.36,991.0,1037.5,4716.448032290616,Cao,Thấp,Đô thị,5820.0,0,Giảm
Hà Nam,Đồng bằng sông Hồng,Bắc,2021,4262.0,2.35,991.0,1037.5,4300.706357214934,Cao,Thấp,Đô thị,4674.0,0,Giảm
Hà Nam,Đồng bằng sông Hồng,Bắc,2022,5224.0,2.42,991.0,1037.5,5271.442986881937,Cao,Thấp,Đô thị,4262.0,1,Tăng/Giữ nguyên
Hà Nam,Đồng bằng sông Hồng,Bắc,2023,5290.0,2.26,991.0,1037.5,5338.042381432896,Cao,Thấp,Đô thị,5224.0,1,Tăng/Giữ nguyên
Hà Nam,Đồng bằng sông Hồng,Bắc,2024,5191.0,2.21,991.0,1037.5,5238.143289606458,Cao,Thấp,Đô thị,5290.0,0,Giảm
Hà Nội,Đồng bằng sông Hồng,Bắc,2019,47581.0,2.24,2410.0,2594.7,19743.153526970953,Cao,Thấp,Đô thị,,0,Giảm
Hà Nội,Đồng bằng sông Hồng,Bắc,2020,40899.0,2.25,2410.0,2594.7,16970.539419087134,Cao,Thấp,Đô thị,47581.0,0,Giảm
Hà Nội,Đồng bằng sông Hồng,Bắc,2021,38058.0,2.18,2410.0,2594.7,15791.70124481328,Cao,Thấp,Đô thị,40899.0,0,Giảm
Hà Nội,Đồng bằng sông Hồng,Bắc,2022,43133.0,2.13,2410.0,2594.7,17897.510373443984,Cao,Thấp,Đô thị,38058.0,1,Tăng/Giữ nguyên
Hà Nội,Đồng bằng sông Hồng,Bắc,2023,43731.0,1.88,2410.0,2594.7,18145.643153526973,Trung bình,Thấp,Đô thị,43133.0,1,Tăng/Giữ nguyên
Hà Nội,Đồng bằng sông Hồng,Bắc,2024,43190.0,1.86,2410.0,2594.7,17921.16182572614,Trung bình,Thấp,Đô thị,43731.0,0,Giảm
Hà Tĩnh,Bắc Trung Bộ và Duyên hải miền Trung,Trung,2019,9919.0,2.83,215.0,221.8,46134.88372093024,Cao,Cao,Nông thôn,,0,Giảm
Hà Tĩnh,Bắc Trung Bộ và Duyên hải miền Trung,Trung,2020,8171.0,2.73,215.0,221.8,38004.6511627907,Cao,Trung bình,Nông thôn,9919.0,0,Giảm
Hà Tĩnh,Bắc Trung Bộ và Duyên hải miền Trung,Trung,2021,6778.0,2.95,215.0,221.8,31525.581395348836,Cao,Trung bình,Nông thôn,8171.0,0,Giảm
Hà Tĩnh,Bắc Trung Bộ và Duyên hải miền Trung,Trung,2022,9533.0,2.87,215.0,221.8,44339.53488372093,Cao,Trung bình,Nông thôn,6778.0,1,Tăng/Giữ nguyên
Hà Tĩnh,Bắc Trung Bộ và Duyên hải miền Trung,Trung,2023,8948.0,2.72,215.0,221.8,41618.604651162794,Cao,Trung bình,Nông thôn,9533.0,0,Giảm
Hà Tĩnh,Bắc Trung Bộ và Duyên hải miền Trung,Trung,2024,8369.0,2.41,215.0,221.8,38925.58139534883,Cao,Trung bình,Nông thôn,8948.0,0,Giảm
Hòa Bình,Trung du và miền núi phía Bắc,Bắc,2019,5145.0,2.34,,,,Cao,,Nông thôn,,0,Giảm
Hòa Bình,Trung du và miền núi phía Bắc,Bắc,2020,4759.0,2.29,,,,Cao,,Nông thôn,5145.0,0,Giảm
Hòa Bình,Trung du và miền núi phía Bắc,Bắc,2021,4778.0,2.19,,,,Cao,,Nông thôn,4759.0,1,Tăng/Giữ nguyên
Hòa Bình,Trung du và miền núi phía Bắc,Bắc,2022,5935.0,2.16,,,,Cao,,Nông thôn,4778.0,1,Tăng/Giữ nguyên
Hòa Bình,Trung du và miền núi phía Bắc,Bắc,2023,5703.0,2.17,,,,Cao,,Nông thôn,5935.0,0,Giảm
Hòa Bình,Trung du và miền núi phía Bắc,Bắc,2024,5098.0,2.05,,,,Trung bình,,Nông thôn,5703.0,0,Giảm
Hưng Yên,Đồng bằng sông Hồng,Bắc,2019,8155.0,2.4,1350.0,1417.0,6040.74074074074,Cao,Thấp,Đô thị,,0,Giảm
Hưng Yên,Đồng bằng sông Hồng,Bắc,2020,6839.0,2.4,1350.0,1417.0,5065.925925925926,Cao,Thấp,Đô thị,8155.0,0,Giảm
Hưng Yên,Đồng bằng sông Hồng,Bắc,2021,6014.0,2.43,1350.0,1417.0,4454.814814814815,Cao,Thấp,Đô thị,6839.0,0,Giảm
Hưng Yên,Đồng bằng sông Hồng,Bắc,2022,7914.0,2.52,1350.0,1417.0,5862.222222222222,Cao,Thấp,Đô thị,6014.0,1,Tăng/Giữ nguyên
Hưng Yên,Đồng bằng sông Hồng,Bắc,2023,7518.0,2.48,1350.0,1417.0,5568.888888888889,Cao,Thấp,Đô thị,7914.0,0,Giảm
Hưng Yên,Đồng bằng sông Hồng,Bắc,2024,7424.0,2.42,1350.0,1417.0,5499.259259259259,Cao,Thấp,Đô thị,7518.0,0,Giảm
Hải Dương,Đồng bằng sông Hồng,Bắc,2019,13376.0,2.48,1137.0,1185.8,11764.29199648197,Cao,Thấp,Đô thị,,0,Giảm
Hải Dương,Đồng bằng sông Hồng,Bắc,2020,10831.0,2.57,1137.0,1185.8,9525.945470536499,Cao,Thấp,Đô thị,13376.0,0,Giảm
Hải Dương,Đồng bằng sông Hồng,Bắc,2021,9829.0,2.44,1137.0,1185.8,8644.678979771328,Cao,Thấp,Đô thị,10831.0,0,Giảm
Hải Dương,Đồng bằng sông Hồng,Bắc,2022,13366.0,2.13,1137.0,1185.8,11755.496921723834,Cao,Thấp,Đô thị,9829.0,1,Tăng/Giữ nguyên
Hải Dương,Đồng bằng sông Hồng,Bắc,2023,12342.0,2.26,1137.0,1185.8,10854.881266490764,Cao,Thấp,Đô thị,13366.0,0,Giảm
Hải Dương,Đồng bằng sông Hồng,Bắc,2024,11715.0,2.11,1137.0,1185.8,10303.430079155673,Cao,Thấp,Đô thị,12342.0,0,Giảm
Hải Phòng,Đồng bằng sông Hồng,Bắc,2019,13173.0,2.2,1302.0,1391.8,10117.511520737327,Cao,Thấp,Đô thị,,0,Giảm
Hải Phòng,Đồng bằng sông Hồng,Bắc,2020,11607.0,2.05,1302.0,1391.8,8914.746543778803,Trung bình,Thấp,Đô thị,13173.0,0,Giảm
Hải Phòng,Đồng bằng sông Hồng,Bắc,2021,10531.0,2.35,1302.0,1391.8,8088.325652841781,Cao,Thấp,Đô thị,11607.0,0,Giảm
Hải Phòng,Đồng bằng sông Hồng,Bắc,2022,12011.0,2.3,1302.0,1391.8,9225.038402457758,Cao,Thấp,Đô thị,10531.0,1,Tăng/Giữ nguyên
Hải Phòng,Đồng bằng sông Hồng,Bắc,2023,12126.0,2.19,1302.0,1391.8,9313.364055299538,Cao,Thấp,Đô thị,12011.0,1,Tăng/Giữ nguyên
Hải Phòng,Đồng bằng sông Hồng,Bắc,2024,11293.0,2.2,1302.0,1391.8,8673.57910906298,Cao,Thấp,Đô thị,12126.0,0,Giảm
Hậu Giang,Đồng bằng sông Cửu Long,Nam,2019,5687.0,1.83,451.0,450.0,12609.756097560976,Trung bình,Thấp,Nông thôn,,0,Giảm
Hậu Giang,Đồng bằng sông Cửu Long,Nam,2020,5772.0,1.84,451.0,450.0,12798.226164079822,Trung bình,Thấp,Nông thôn,5687.0,1,Tăng/Giữ nguyên
Hậu Giang,Đồng bằng sông Cửu Long,Nam,2021,3313.0,1.83,451.0,450.0,7345.89800443459,Trung bình,Thấp,Nông thôn,5772.0,0,Giảm
Hậu Giang,Đồng bằng sông Cửu Long,Nam,2022,6912.0,1.51,451.0,450.0,15325.942350332594,Thấp,Thấp,Nông thôn,3313.0,1,Tăng/Giữ nguyên
Hậu Giang,Đồng bằng sông Cửu Long,Nam,2023,6600.0,1.52,451.0,450.0,14634.146341463415,Thấp,Thấp,Nông thôn,6912.0,0,Giảm
Hậu Giang,Đồng bằng sông Cửu Long,Nam,2024,5871.0,1.62,451.0,450.0,13017.738359201774,Thấp,Thấp,Nông thôn,6600.0,0,Giảm
Khánh Hòa,Bắc Trung Bộ và Duyên hải miền Trung,Trung,2019,10629.0,1.77,,,,Thấp,,Nông thôn,,0,Giảm
Khánh Hòa,Bắc Trung Bộ và Duyên hải miền Trung,Trung,2020,9168.0,1.81,,,,Trung bình,,Nông thôn,10629.0,0,Giảm
Khánh Hòa,Bắc Trung Bộ và Duyên hải miền Trung,Trung,2021,6835.0,1.82,,,,Trung bình,,Nông thôn,9168.0,0,Giảm
Khánh Hòa,Bắc Trung Bộ và Duyên hải miền Trung,Trung,2022,9943.0,1.88,,,,Trung bình,,Nông thôn,6835.0,1,Tăng/Giữ nguyên
Khánh Hòa,Bắc Trung Bộ và Duyên hải miền Trung,Trung,2023,9574.0,1.69,,,,Thấp,,Nông thôn,9943.0,0,Giảm
Khánh Hòa,Bắc Trung Bộ và Duyên hải miền Trung,Trung,2024,8403.0,1.68,,,,Thấp,,Nông thôn,9574.0,0,Giảm
Kiên Giang,Đồng bằng sông Cửu Long,Nam,2019,16764.0,1.85,272.0,278.1,61632.35294117647,Trung bình,Cao,Nông thôn,,0,Giảm
Kiên Giang,Đồng bằng sông Cửu Long,Nam,2020,15327.0,1.98,272.0,278.1,56349.26470588236,Trung bình,Cao,Nông thôn,16764.0,0,Giảm
Kiên Giang,Đồng bằng sông Cửu Long,Nam,2021,10952.0,1.91,272.0,278.1,40264.705882352944,Trung bình,Trung bình,Nông thôn,15327.0,0,Giảm
Kiên Giang,Đồng bằng sông Cửu Long,Nam,2022,18474.0,1.83,272.0,278.1,67919.11764705883,Trung bình,Cao,Nông thôn,10952.0,1,Tăng/Giữ nguyên
Kiên Giang,Đồng bằng sông Cửu Long,Nam,2023,18000.0,1.74,272.0,278.1,66176.47058823529,Thấp,Cao,Nông thôn,18474.0,0,Giảm
Kiên Giang,Đồng bằng sông Cửu Long,Nam,2024,16230.0,1.68,272.0,278.1,59669.117647058825,Thấp,Cao,Nông thôn,18000.0,0,Giảm
Kon Tum,Tây Nguyên,Trung,2019,4137.0,2.74,56.0,62.2,73875.0,Cao,Cao,Nông thôn,,0,Giảm
Kon Tum,Tây Nguyên,Trung,2020,4605.0,2.64,56.0,62.2,82232.14285714286,Cao,Cao,Nông thôn,4137.0,1,Tăng/Giữ nguyên
Kon Tum,Tây Nguyên,Trung,2021,3444.0,2.55,56.0,62.2,61500.0,Cao,Cao,Nông thôn,4605.0,0,Giảm
Kon Tum,Tây Nguyên,Trung,2022,4487.0,2.48,56.0,62.2,80125.0,Cao,Cao,Nông thôn,3444.0,1,Tăng/Giữ nguyên
Kon Tum,Tây Nguyên,Trung,2023,4500.0,2.28,56.0,62.2,80357.14285714286,Cao,Cao,Nông thôn,4487.0,1,Tăng/Giữ nguyên
Kon Tum,Tây Nguyên,Trung,2024,4161.0,2.57,56.0,62.2,74303.57142857143,Cao,Cao,Nông thôn,4500.0,0,Giảm
Lai Châu,Trung du và miền núi phía Bắc,Bắc,2019,3930.0,2.68,51.0,54.6,77058.82352941176,Cao,Cao,Nông thôn,,0,Giảm
Lai Châu,Trung du và miền núi phía Bắc,Bắc,2020,4107.0,2.63,51.0,54.6,80529.41176470589,Cao,Cao,Nông thôn,3930.0,1,Tăng/Giữ nguyên
Lai Châu,Trung du và miền núi phía Bắc,Bắc,2021,3346.0,2.77,51.0,54.6,65607.84313725491,Cao,Cao,Nông thôn,4107.0,0,Giảm
Lai Châu,Trung du và miền núi phía Bắc,Bắc,2022,3695.0,2.63,51.0,54.6,72450.98039215687,Cao,Cao,Nông thôn,3346.0,1,Tăng/Giữ nguyên
Lai Châu,Trung du và miền núi phía Bắc,Bắc,2023,3931.0,2.6,51.0,54.6,77078.43137254902,Cao,Cao,Nông thôn,3695.0,1,Tăng/Giữ nguyên
Lai Châu,Trung du và miền núi phía Bắc,Bắc,2024,3457.0,2.49,51.0,54.6,67784.3137254902,Cao,Cao,Nông thôn,3931.0,0,Giảm
Long An,Đồng bằng sông Cửu Long,Nam,2019,15049.0,1.8,377.0,390.7,39917.771883289126,Thấp,Trung bình,Nông thôn,,0,Giảm
Long An,Đồng bằng sông Cửu Long,Nam,2020,14467.0,1.82,377.0,390.7,38374.00530503979,Trung bình,Trung bình,Nông thôn,15049.0,0,Giảm
Long An,Đồng bằng sông Cửu Long,Nam,2021,9528.0,1.77,377.0,390.7,25273.20954907162,Thấp,Trung bình,Nông thôn,14467.0,0,Giảm
Long An,Đồng bằng sông Cửu Long,Nam,2022,14835.0,1.68,377.0,390.7,39350.132625994695,Thấp,Trung bình,Nông thôn,9528.0,1,Tăng/Giữ nguyên
Long An,Đồng bằng sông Cửu Long,Nam,2023,13753.0,1.64,377.0,390.7,36480.10610079576,Thấp,Trung bình,Nông thôn,14835.0,0,Giảm
Long An,Đồng bằng sông Cửu Long,Nam,2024,11884.0,1.54,377.0,390.7,31522.546419098144,Thấp,Trung bình,Nông thôn,13753.0,0,Giảm
Lào Cai,Trung du và miền núi phía Bắc,Bắc,2019,6273.0,2.44,115.0,124.5,54547.82608695652,Cao,Cao,Nông thôn,,0,Giảm
Lào Cai,Trung du và miền núi phía Bắc,Bắc,2020,6102.0,2.43,115.0,124.5,53060.869565217385,Cao,Cao,Nông thôn,6273.0,0,Giảm
Lào Cai,Trung du và miền núi phía Bắc,Bắc,2021,5408.0,2.4,115.0,124.5,47026.086956521736,Cao,Cao,Nông thôn,6102.0,0,Giảm
Lào Cai,Trung du và miền núi phía Bắc,Bắc,2022,6253.0,2.48,115.0,124.5,54373.913043478264,Cao,Cao,Nông thôn,5408.0,1,Tăng/Giữ nguyên
Lào Cai,Trung du và miền núi phía Bắc,Bắc,2023,5892.0,2.73,115.0,124.5,51234.782608695656,Cao,Cao,Nông thôn,6253.0,0,Giảm
Lào Cai,Trung du và miền núi phía Bắc,Bắc,2024,5759.0,2.55,115.0,124.5,50078.26086956522,Cao,Cao,Nông thôn,5892.0,0,Giảm
Lâm Đồng,Tây Nguyên,Trung,2019,10090.0,2.2,133.0,139.3,75864.66165413533,Cao,Cao,Nông thôn,,0,Giảm
Lâm Đồng,Tây Nguyên,Trung,2020,9859.0,2.19,133.0,139.3,74127.81954887218,Cao,Cao,Nông thôn,10090.0,0,Giảm
Lâm Đồng,Tây Nguyên,Trung,2021,7783.0,2.15,133.0,139.3,58518.7969924812,Cao,Cao,Nông thôn,9859.0,0,Giảm
Lâm Đồng,Tây Nguyên,Trung,2022,13324.0,2.06,133.0,139.3,100180.45112781956,Trung bình,Cao,Nông thôn,7783.0,1,Tăng/Giữ nguyên
Lâm Đồng,Tây Nguyên,Trung,2023,11940.0,2.03,133.0,139.3,89774.43609022556,Trung bình,Cao,Nông thôn,13324.0,0,Giảm
Lâm Đồng,Tây Nguyên,Trung,2024,10658.0,1.94,133.0,139.3,80135.33834586467,Trung bình,Cao,Nông thôn,11940.0,0,Giảm
Lạng Sơn,Trung du và miền núi phía Bắc,Bắc,2019,5540.0,2.13,94.0,98.0,58936.17021276596,Cao,Cao,Nông thôn,,0,Giảm
Lạng Sơn,Trung du và miền núi phía Bắc,Bắc,2020,4736.0,2.19,94.0,98.0,50382.97872340426,Cao,Cao,Nông thôn,5540.0,0,Giảm
Lạng Sơn,Trung du và miền núi phía Bắc,Bắc,2021,4129.0,2.32,94.0,98.0,43925.53191489362,Cao,Trung bình,Nông thôn,4736.0,0,Giảm
Lạng Sơn,Trung du và miền núi phía Bắc,Bắc,2022,4900.0,2.14,94.0,98.0,52127.65957446808,Cao,Cao,Nông thôn,4129.0,1,Tăng/Giữ nguyên
Lạng Sơn,Trung du và miền núi phía Bắc,Bắc,2023,4595.0,2.13,94.0,98.0,48882.97872340426,Cao,Cao,Nông thôn,4900.0,0,Giảm
Lạng Sơn,Trung du và miền núi phía Bắc,Bắc,2024,4334.0,2.22,94.0,98.0,46106.382978723406,Cao,Cao,Nông thôn,4595.0,0,Giảm
Nam Định,Đồng bằng sông Hồng,Bắc,2019,14464.0,2.74,1067.0,1135.0,13555.76382380506,Cao,Thấp,Đô thị,,0,Giảm
Nam Định,Đồng bằng sông Hồng,Bắc,2020,11701.0,2.71,1067.0,1135.0,10966.26054358013,Cao,Thấp,Đô thị,14464.0,0,Giảm
Nam Định,Đồng bằng sông Hồng,Bắc,2021,9970.0,2.75,1067.0,1135.0,9343.955014058107,Cao,Thấp,Đô thị,11701.0,0,Giảm
Nam Định,Đồng bằng sông Hồng,Bắc,2022,13138.0,2.75,1067.0,1135.0,12313.02717900656,Cao,Thấp,Đô thị,9970.0,1,Tăng/Giữ nguyên
Nam Định,Đồng bằng sông Hồng,Bắc,2023,11858.0,2.56,1067.0,1135.0,11113.40206185567,Cao,Thấp,Đô thị,13138.0,0,Giảm
Nam Định,Đồng bằng sông Hồng,Bắc,2024,11415.0,2.5,1067.0,1135.0,10698.21930646673,Cao,Thấp,Đô thị,11858.0,0,Giảm
Nghệ An,Bắc Trung Bộ và Duyên hải miền Trung,Trung,2019,24079.0,2.75,202.0,210.6,119202.97029702971,Cao,Cao,Nông thôn,,0,Giảm
Nghệ An,Bắc Trung Bộ và Duyên hải miền Trung,Trung,2020,20559.0,2.68,202.0,210.6,101777.22772277228,Cao,Cao,Nông thôn,24079.0,0,Giảm
Nghệ An,Bắc Trung Bộ và Duyên hải miền Trung,Trung,2021,17878.0,2.63,202.0,210.6,88504.9504950495,Cao,Cao,Nông thôn,20559.0,0,Giảm
Nghệ An,Bắc Trung Bộ và Duyên hải miền Trung,Trung,2022,22623.0,2.61,202.0,210.6,111995.0495049505,Cao,Cao,Nông thôn,17878.0,1,Tăng/Giữ nguyên
Nghệ An,Bắc Trung Bộ và Duyên hải miền Trung,Trung,2023,22566.0,2.4,202.0,210.6,111712.87128712871,Cao,Cao,Nông thôn,22623.0,0,Giảm
Nghệ An,Bắc Trung Bộ và Duyên hải miền Trung,Trung,2024,20194.0,2.25,202.0,210.6,99970.29702970298,Cao,Cao,Nông thôn,22566.0,0,Giảm
Ninh Bình,Đồng bằng sông Hồng,Bắc,2019,5396.0,2.46,710.0,729.8,7600.0,Cao,Thấp,Bán đô thị,,0,Giảm
Ninh Bình,Đồng bằng sông Hồng,Bắc,2020,5499.0,2.42,710.0,729.8,7745.070422535211,Cao,Thấp,Bán đô thị,5396.0,1,Tăng/Giữ nguyên
Ninh Bình,Đồng bằng sông Hồng,Bắc,2021,5276.0,2.41,710.0,729.8,7430.985915492957,Cao,Thấp,Bán đô thị,5499.0,0,Giảm
Ninh Bình,Đồng bằng sông Hồng,Bắc,2022,6272.0,2.32,710.0,729.8,8833.802816901409,Cao,Thấp,Bán đô thị,5276.0,1,Tăng/Giữ nguyên
Ninh Bình,Đồng bằng sông Hồng,Bắc,2023,5711.0,2.2,710.0,729.8,8043.661971830986,Cao,Thấp,Bán đô thị,6272.0,0,Giảm
Ninh Bình,Đồng bằng sông Hồng,Bắc,2024,5961.0,2.41,710.0,729.8,8395.774647887323,Cao,Thấp,Bán đô thị,5711.0,1,Tăng/Giữ nguyên
Ninh Thuận,Bắc Trung Bộ và Duyên hải miền Trung,Trung,2019,5933.0,2.09,176.0,182.6,33710.22727272727,Trung bình,Trung bình,Nông thôn,,0,Giảm
Ninh Thuận,Bắc Trung Bộ và Duyên hải miền Trung,Trung,2020,5187.0,2.07,176.0,182.6,29471.59090909091,Trung bình,Trung bình,Nông thôn,5933.0,0,Giảm
Ninh Thuận,Bắc Trung Bộ và Duyên hải miền Trung,Trung,2021,3914.0,2.36,176.0,182.6,22238.636363636364,Cao,Trung bình,Nông thôn,5187.0,0,Giảm
Ninh Thuận,Bắc Trung Bộ và Duyên hải miền Trung,Trung,2022,5828.0,2.29,176.0,182.6,33113.63636363637,Cao,Trung bình,Nông thôn,3914.0,1,Tăng/Giữ nguyên
Ninh Thuận,Bắc Trung Bộ và Duyên hải miền Trung,Trung,2023,5770.0,2.22,176.0,182.6,32784.090909090904,Cao,Trung bình,Nông thôn,5828.0,0,Giảm
Ninh Thuận,Bắc Trung Bộ và Duyên hải miền Trung,Trung,2024,4946.0,2.11,176.0,182.6,28102.272727272728,Cao,Trung bình,Nông thôn,5770.0,0,Giảm
Phú Thọ,Trung du và miền núi phía Bắc,Bắc,2019,10130.0,2.57,415.0,436.8,24409.63855421687,Cao,Trung bình,Nông thôn,,0,Giảm
Phú Thọ,Trung du và miền núi phía Bắc,Bắc,2020,8771.0,2.53,415.0,436.8,21134.939759036144,Cao,Trung bình,Nông thôn,10130.0,0,Giảm
Phú Thọ,Trung du và miền núi phía Bắc,Bắc,2021,8063.0,2.42,415.0,436.8,19428.9156626506,Cao,Thấp,Nông thôn,8771.0,0,Giảm
Phú Thọ,Trung du và miền núi phía Bắc,Bắc,2022,10157.0,2.44,415.0,436.8,24474.69879518072,Cao,Trung bình,Nông thôn,8063.0,1,Tăng/Giữ nguyên
Phú Thọ,Trung du và miền núi phía Bắc,Bắc,2023,9589.0,2.26,415.0,436.8,23106.024096385543,Cao,Trung bình,Nông thôn,10157.0,0,Giảm
Phú Thọ,Trung du và miền núi phía Bắc,Bắc,2024,8797.0,2.3,415.0,436.8,21197.590361445782,Cao,Trung bình,Nông thôn,9589.0,0,Giảm
Phú Yên,Bắc Trung Bộ và Duyên hải miền Trung,Trung,2019,5956.0,2.11,174.0,176.1,34229.88505747126,Cao,Trung bình,Nông thôn,,0,Giảm
Phú Yên,Bắc Trung Bộ và Duyên hải miền Trung,Trung,2020,6166.0,2.09,174.0,176.1,35436.7816091954,Trung bình,Trung bình,Nông thôn,5956.0,1,Tăng/Giữ nguyên
Phú Yên,Bắc Trung Bộ và Duyên hải miền Trung,Trung,2021,4707.0,2.07,174.0,176.1,27051.724137931036,Trung bình,Trung bình,Nông thôn,6166.0,0,Giảm
Phú Yên,Bắc Trung Bộ và Duyên hải miền Trung,Trung,2022,6785.0,2.22,174.0,176.1,38994.25287356322,Cao,Trung bình,Nông thôn,4707.0,1,Tăng/Giữ nguyên
Phú Yên,Bắc Trung Bộ và Duyên hải miền Trung,Trung,2023,6857.0,2.12,174.0,176.1,39408.0459770115,Cao,Trung bình,Nông thôn,6785.0,1,Tăng/Giữ nguyên
Phú Yên,Bắc Trung Bộ và Duyên hải miền Trung,Trung,2024,5964.0,2.04,174.0,176.1,34275.862068965514,Trung bình,Trung bình,Nông thôn,6857.0,0,Giảm
Quảng Bình,Bắc Trung Bộ và Duyên hải miền Trung,Trung,2019,7270.0,2.43,112.0,115.6,64910.71428571429,Cao,Cao,Nông thôn,,0,Giảm
Quảng Bình,Bắc Trung Bộ và Duyên hải miền Trung,Trung,2020,5953.0,2.4,112.0,115.6,53151.78571428572,Cao,Cao,Nông thôn,7270.0,0,Giảm
Quảng Bình,Bắc Trung Bộ và Duyên hải miền Trung,Trung,2021,4811.0,2.52,112.0,115.6,42955.357142857145,Cao,Trung bình,Nông thôn,5953.0,0,Giảm
Quảng Bình,Bắc Trung Bộ và Duyên hải miền Trung,Trung,2022,6781.0,2.24,112.0,115.6,60544.642857142855,Cao,Cao,Nông thôn,4811.0,1,Tăng/Giữ nguyên
Quảng Bình,Bắc Trung Bộ và Duyên hải miền Trung,Trung,2023,6529.0,2.79,112.0,115.6,58294.642857142855,Cao,Cao,Nông thôn,6781.0,0,Giảm
Quảng Bình,Bắc Trung Bộ và Duyên hải miền Trung,Trung,2024,5644.0,2.43,112.0,115.6,50392.857142857145,Cao,Cao,Nông thôn,6529.0,0,Giảm
Quảng Nam,Bắc Trung Bộ và Duyên hải miền Trung,Trung,2019,13361.0,2.27,142.0,146.0,94091.54929577465,Cao,Cao,Nông thôn,,0,Giảm
Quảng Nam,Bắc Trung Bộ và Duyên hải miền Trung,Trung,2020,11226.0,2.23,142.0,146.0,79056.338028169,Cao,Cao,Nông thôn,13361.0,0,Giảm
Quảng Nam,Bắc Trung Bộ và Duyên hải miền Trung,Trung,2021,9715.0,2.25,142.0,146.0,68415.49295774648,Cao,Cao,Nông thôn,11226.0,0,Giảm
Quảng Nam,Bắc Trung Bộ và Duyên hải miền Trung,Trung,2022,11520.0,2.09,142.0,146.0,81126.76056338029,Trung bình,Cao,Nông thôn,9715.0,1,Tăng/Giữ nguyên
Quảng Nam,Bắc Trung Bộ và Duyên hải miền Trung,Trung,2023,11448.0,2.08,142.0,146.0,80619.71830985915,Trung bình,Cao,Nông thôn,11520.0,0,Giảm
Quảng Nam,Bắc Trung Bộ và Duyên hải miền Trung,Trung,2024,9987.0,2.04,142.0,146.0,70330.98591549296,Trung bình,Cao,Nông thôn,11448.0,0,Giảm
Quảng Ngãi,Bắc Trung Bộ và Duyên hải miền Trung,Trung,2019,11210.0,2.13,239.0,244.4,46903.76569037657,Cao,Cao,Nông thôn,,0,Giảm
Quảng Ngãi,Bắc Trung Bộ và Duyên hải miền Trung,Trung,2020,8823.0,2.11,239.0,244.4,36916.3179916318,Cao,Trung bình,Nông thôn,11210.0,0,Giảm
Quảng Ngãi,Bắc Trung Bộ và Duyên hải miền Trung,Trung,2021,8066.0,2.14,239.0,244.4,33748.9539748954,Cao,Trung bình,Nông thôn,8823.0,0,Giảm
Quảng Ngãi,Bắc Trung Bộ và Duyên hải miền Trung,Trung,2022,10511.0,2.3,239.0,244.4,43979.079497907944,Cao,Trung bình,Nông thôn,8066.0,1,Tăng/Giữ nguyên
Quảng Ngãi,Bắc Trung Bộ và Duyên hải miền Trung,Trung,2023,9448.0,2.11,239.0,244.4,39531.38075313807,Cao,Trung bình,Nông thôn,10511.0,0,Giảm
Quảng Ngãi,Bắc Trung Bộ và Duyên hải miền Trung,Trung,2024,8396.0,1.96,239.0,244.4,35129.70711297071,Trung bình,Trung bình,Nông thôn,9448.0,0,Giảm
Quảng Ninh,Đồng bằng sông Hồng,Bắc,2019,8869.0,2.24,214.0,225.0,41443.92523364486,Cao,Trung bình,Nông thôn,,0,Giảm
Quảng Ninh,Đồng bằng sông Hồng,Bắc,2020,7855.0,2.22,214.0,225.0,36705.607476635516,Cao,Trung bình,Nông thôn,8869.0,0,Giảm
Quảng Ninh,Đồng bằng sông Hồng,Bắc,2021,7393.0,2.14,214.0,225.0,34546.72897196261,Cao,Trung bình,Nông thôn,7855.0,0,Giảm
Quảng Ninh,Đồng bằng sông Hồng,Bắc,2022,8465.0,2.3,214.0,225.0,39556.07476635514,Cao,Trung bình,Nông thôn,7393.0,1,Tăng/Giữ nguyên
Quảng Ninh,Đồng bằng sông Hồng,Bắc,2023,8398.0,1.96,214.0,225.0,39242.990654205605,Trung bình,Trung bình,Nông thôn,8465.0,0,Giảm
Quảng Ninh,Đồng bằng sông Hồng,Bắc,2024,7765.0,2.06,214.0,225.0,36285.04672897196,Trung bình,Trung bình,Nông thôn,8398.0,0,Giảm
Quảng Trị,Bắc Trung Bộ và Duyên hải miền Trung,Trung,2019,5727.0,2.45,137.0,140.2,41802.91970802919,Cao,Trung bình,Nông thôn,,0,Giảm
Quảng Trị,Bắc Trung Bộ và Duyên hải miền Trung,Trung,2020,4748.0,2.44,137.0,140.2,34656.93430656934,Cao,Trung bình,Nông thôn,5727.0,0,Giảm
Quảng Trị,Bắc Trung Bộ và Duyên hải miền Trung,Trung,2021,4311.0,2.46,137.0,140.2,31467.15328467153,Cao,Trung bình,Nông thôn,4748.0,0,Giảm
Quảng Trị,Bắc Trung Bộ và Duyên hải miền Trung,Trung,2022,5738.0,2.45,137.0,140.2,41883.21167883212,Cao,Trung bình,Nông thôn,4311.0,1,Tăng/Giữ nguyên
Quảng Trị,Bắc Trung Bộ và Duyên hải miền Trung,Trung,2023,5387.0,2.32,137.0,140.2,39321.16788321168,Cao,Trung bình,Nông thôn,5738.0,0,Giảm
Quảng Trị,Bắc Trung Bộ và Duyên hải miền Trung,Trung,2024,4801.0,2.44,137.0,140.2,35043.79562043795,Cao,Trung bình,Nông thôn,5387.0,0,Giảm
Sóc Trăng,Đồng bằng sông Cửu Long,Nam,2019,12184.0,1.79,362.0,365.5,33657.45856353591,Thấp,Trung bình,Nông thôn,,0,Giảm
Sóc Trăng,Đồng bằng sông Cửu Long,Nam,2020,10602.0,1.8,362.0,365.5,29287.292817679558,Thấp,Trung bình,Nông thôn,12184.0,0,Giảm
Sóc Trăng,Đồng bằng sông Cửu Long,Nam,2021,6718.0,1.78,362.0,365.5,18558.011049723755,Thấp,Thấp,Nông thôn,10602.0,0,Giảm
Sóc Trăng,Đồng bằng sông Cửu Long,Nam,2022,12888.0,1.73,362.0,365.5,35602.20994475138,Thấp,Trung bình,Nông thôn,6718.0,1,Tăng/Giữ nguyên
Sóc Trăng,Đồng bằng sông Cửu Long,Nam,2023,12843.0,1.77,362.0,365.5,35477.90055248619,Thấp,Trung bình,Nông thôn,12888.0,0,Giảm
Sóc Trăng,Đồng bằng sông Cửu Long,Nam,2024,11825.0,1.61,362.0,365.5,32665.745856353587,Thấp,Trung bình,Nông thôn,12843.0,0,Giảm
Sơn La,Trung du và miền núi phía Bắc,Bắc,2019,10175.0,2.44,89.0,94.3,114325.8426966292,Cao,Cao,Nông thôn,,0,Giảm
Sơn La,Trung du và miền núi phía Bắc,Bắc,2020,9760.0,2.36,89.0,94.3,109662.92134831462,Cao,Cao,Nông thôn,10175.0,0,Giảm
Sơn La,Trung du và miền núi phía Bắc,Bắc,2021,8554.0,2.36,89.0,94.3,96112.35955056178,Cao,Cao,Nông thôn,9760.0,0,Giảm
Sơn La,Trung du và miền núi phía Bắc,Bắc,2022,9948.0,2.34,89.0,94.3,111775.2808988764,Cao,Cao,Nông thôn,8554.0,1,Tăng/Giữ nguyên
Sơn La,Trung du và miền núi phía Bắc,Bắc,2023,9938.0,2.2,89.0,94.3,111662.92134831462,Cao,Cao,Nông thôn,9948.0,0,Giảm
Sơn La,Trung du và miền núi phía Bắc,Bắc,2024,9475.0,2.32,89.0,94.3,106460.67415730338,Cao,Cao,Nông thôn,9938.0,0,Giảm
TP. Hồ Chí Minh,,,2019,44378.0,1.39,,,,Thấp,,Nông thôn,,0,Giảm
TP. Hồ Chí Minh,,,2020,35686.0,1.53,,,,Thấp,,Nông thôn,44378.0,0,Giảm
TP. Hồ Chí Minh,,,2021,24032.0,1.48,,,,Thấp,,Nông thôn,35686.0,0,Giảm
TP. Hồ Chí Minh,,,2022,41362.0,1.39,,,,Thấp,,Nông thôn,24032.0,1,Tăng/Giữ nguyên
TP. Hồ Chí Minh,,,2023,39154.0,1.32,,,,Thấp,,Nông thôn,41362.0,0,Giảm
TP. Hồ Chí Minh,,,2024,35317.0,1.39,,,,Thấp,,Nông thôn,39154.0,0,Giảm
Thanh Hóa,Bắc Trung Bộ và Duyên hải miền Trung,Trung,2019,24946.0,2.54,,,,Cao,,Nông thôn,,0,Giảm
Thanh Hóa,Bắc Trung Bộ và Duyên hải miền Trung,Trung,2020,25858.0,2.51,,,,Cao,,Nông thôn,24946.0,1,Tăng/Giữ nguyên
Thanh Hóa,Bắc Trung Bộ và Duyên hải miền Trung,Trung,2021,22669.0,2.22,,,,Cao,,Nông thôn,25858.0,0,Giảm
Thanh Hóa,Bắc Trung Bộ và Duyên hải miền Trung,Trung,2022,28759.0,2.33,,,,Cao,,Nông thôn,22669.0,1,Tăng/Giữ nguyên
Thanh Hóa,Bắc Trung Bộ và Duyên hải miền Trung,Trung,2023,27170.0,2.24,,,,Cao,,Nông thôn,28759.0,0,Giảm
Thanh Hóa,Bắc Trung Bộ và Duyên hải miền Trung,Trung,2024,25477.0,2.32,,,,Cao,,Nông thôn,27170.0,0,Giảm
Thái Bình,Đồng bằng sông Hồng,Bắc,2019,12335.0,2.43,1174.0,1193.0,10506.814310051106,Cao,Thấp,Đô thị,,0,Giảm
Thái Bình,Đồng bằng sông Hồng,Bắc,2020,10259.0,2.42,1174.0,1193.0,8738.500851788756,Cao,Thấp,Đô thị,12335.0,0,Giảm
Thái Bình,Đồng bằng sông Hồng,Bắc,2021,9469.0,2.58,1174.0,1193.0,8065.587734241909,Cao,Thấp,Đô thị,10259.0,0,Giảm
Thái Bình,Đồng bằng sông Hồng,Bắc,2022,11668.0,2.21,1174.0,1193.0,9938.671209540034,Cao,Thấp,Đô thị,9469.0,1,Tăng/Giữ nguyên
Thái Bình,Đồng bằng sông Hồng,Bắc,2023,11481.0,2.23,1174.0,1193.0,9779.3867120954,Cao,Thấp,Đô thị,11668.0,0,Giảm
Thái Bình,Đồng bằng sông Hồng,Bắc,2024,10777.0,2.09,1174.0,1193.0,9179.727427597954,Trung bình,Thấp,Đô thị,11481.0,0,Giảm
Thái Nguyên,Trung du và miền núi phía Bắc,Bắc,2019,8118.0,2.14,366.0,387.6,22180.32786885246,Cao,Trung bình,Nông thôn,,0,Giảm
Thái Nguyên,Trung du và miền núi phía Bắc,Bắc,2020,7370.0,2.16,366.0,387.6,20136.612021857924,Cao,Trung bình,Nông thôn,8118.0,0,Giảm
Thái Nguyên,Trung du và miền núi phía Bắc,Bắc,2021,6571.0,2.12,366.0,387.6,17953.551912568306,Cao,Thấp,Nông thôn,7370.0,0,Giảm
Thái Nguyên,Trung du và miền núi phía Bắc,Bắc,2022,8038.0,2.2,366.0,387.6,21961.748633879783,Cao,Trung bình,Nông thôn,6571.0,1,Tăng/Giữ nguyên
Thái Nguyên,Trung du và miền núi phía Bắc,Bắc,2023,7838.0,2.14,366.0,387.6,21415.30054644809,Cao,Trung bình,Nông thôn,8038.0,0,Giảm
Thái Nguyên,Trung du và miền núi phía Bắc,Bắc,2024,7734.0,2.19,366.0,387.6,21131.147540983606,Cao,Trung bình,Nông thôn,7838.0,0,Giảm
Tiền Giang,Đồng bằng sông Cửu Long,Nam,2019,14783.0,1.82,704.0,702.6,20998.579545454548,Trung bình,Trung bình,Bán đô thị,,0,Giảm
Tiền Giang,Đồng bằng sông Cửu Long,Nam,2020,13488.0,1.85,704.0,702.6,19159.09090909091,Trung bình,Thấp,Bán đô thị,14783.0,0,Giảm
Tiền Giang,Đồng bằng sông Cửu Long,Nam,2021,9270.0,1.83,704.0,702.6,13167.613636363636,Trung bình,Thấp,Bán đô thị,13488.0,0,Giảm
Tiền Giang,Đồng bằng sông Cửu Long,Nam,2022,16181.0,1.72,704.0,702.6,22984.375,Thấp,Trung bình,Bán đô thị,9270.0,1,Tăng/Giữ nguyên
Tiền Giang,Đồng bằng sông Cửu Long,Nam,2023,15234.0,1.66,704.0,702.6,21639.204545454548,Thấp,Trung bình,Bán đô thị,16181.0,0,Giảm
Tiền Giang,Đồng bằng sông Cửu Long,Nam,2024,13846.0,1.72,704.0,702.6,19667.613636363636,Thấp,Thấp,Bán đô thị,15234.0,0,Giảm
Trà Vinh,Đồng bằng sông Cửu Long,Nam,2019,8673.0,1.96,428.0,428.3,20264.018691588786,Trung bình,Trung bình,Nông thôn,,0,Giảm
Trà Vinh,Đồng bằng sông Cửu Long,Nam,2020,7444.0,2.0,428.0,428.3,17392.52336448598,Trung bình,Thấp,Nông thôn,8673.0,0,Giảm
Trà Vinh,Đồng bằng sông Cửu Long,Nam,2021,5499.0,1.99,428.0,428.3,12848.130841121496,Trung bình,Thấp,Nông thôn,7444.0,0,Giảm
Trà Vinh,Đồng bằng sông Cửu Long,Nam,2022,9094.0,1.68,428.0,428.3,21247.663551401867,Thấp,Trung bình,Nông thôn,5499.0,1,Tăng/Giữ nguyên
Trà Vinh,Đồng bằng sông Cửu Long,Nam,2023,8789.0,1.77,428.0,428.3,20535.046728971964,Thấp,Trung bình,Nông thôn,9094.0,0,Giảm
Trà Vinh,Đồng bằng sông Cửu Long,Nam,2024,8327.0,1.73,428.0,428.3,19455.607476635512,Thấp,Thấp,Nông thôn,8789.0,0,Giảm
Tuyên Quang,Trung du và miền núi phía Bắc,Bắc,2019,5668.0,2.51,134.0,139.8,42298.50746268657,Cao,Trung bình,Nông thôn,,0,Giảm
Tuyên Quang,Trung du và miền núi phía Bắc,Bắc,2020,5153.0,2.5,134.0,139.8,38455.22388059702,Cao,Trung bình,Nông thôn,5668.0,0,Giảm
Tuyên Quang,Trung du và miền núi phía Bắc,Bắc,2021,4402.0,2.42,134.0,139.8,32850.746268656716,Cao,Trung bình,Nông thôn,5153.0,0,Giảm
Tuyên Quang,Trung du và miền núi phía Bắc,Bắc,2022,5442.0,2.32,134.0,139.8,40611.94029850746,Cao,Trung bình,Nông thôn,4402.0,1,Tăng/Giữ nguyên
Tuyên Quang,Trung du và miền núi phía Bắc,Bắc,2023,5472.0,2.17,134.0,139.8,40835.82089552239,Cao,Trung bình,Nông thôn,5442.0,1,Tăng/Giữ nguyên
Tuyên Quang,Trung du và miền núi phía Bắc,Bắc,2024,5376.0,2.19,134.0,139.8,40119.40298507463,Cao,Trung bình,Nông thôn,5472.0,0,Giảm
Tây Ninh,Đông Nam Bộ,Nam,2019,9803.0,1.53,290.0,297.6,33803.448275862065,Thấp,Trung bình,Nông thôn,,0,Giảm
Tây Ninh,Đông Nam Bộ,Nam,2020,8701.0,1.67,290.0,297.6,30003.44827586207,Thấp,Trung bình,Nông thôn,9803.0,0,Giảm
Tây Ninh,Đông Nam Bộ,Nam,2021,6266.0,1.65,290.0,297.6,21606.896551724138,Thấp,Trung bình,Nông thôn,8701.0,0,Giảm
Tây Ninh,Đông Nam Bộ,Nam,2022,11267.0,1.8,290.0,297.6,38851.724137931036,Thấp,Trung bình,Nông thôn,6266.0,1,Tăng/Giữ nguyên
Tây Ninh,Đông Nam Bộ,Nam,2023,10629.0,1.5,290.0,297.6,36651.724137931036,Thấp,Trung bình,Nông thôn,11267.0,0,Giảm
Tây Ninh,Đông Nam Bộ,Nam,2024,9619.0,1.53,290.0,297.6,33168.965517241384,Thấp,Trung bình,Nông thôn,10629.0,0,Giảm
Vĩnh Long,Đồng bằng sông Cửu Long,Nam,2019,7728.0,1.81,670.0,679.9,11534.328358208955,Trung bình,Thấp,Bán đô thị,,0,Giảm
Vĩnh Long,Đồng bằng sông Cửu Long,Nam,2020,6653.0,1.82,670.0,679.9,9929.850746268658,Trung bình,Thấp,Bán đô thị,7728.0,0,Giảm
Vĩnh Long,Đồng bằng sông Cửu Long,Nam,2021,4988.0,1.81,670.0,679.9,7444.776119402985,Trung bình,Thấp,Bán đô thị,6653.0,0,Giảm
Vĩnh Long,Đồng bằng sông Cửu Long,Nam,2022,8130.0,1.62,670.0,679.9,12134.328358208955,Thấp,Thấp,Bán đô thị,4988.0,1,Tăng/Giữ nguyên
Vĩnh Long,Đồng bằng sông Cửu Long,Nam,2023,7787.0,1.67,670.0,679.9,11622.388059701492,Thấp,Thấp,Bán đô thị,8130.0,0,Giảm
Vĩnh Long,Đồng bằng sông Cửu Long,Nam,2024,6992.0,1.53,670.0,679.9,10435.820895522389,Thấp,Thấp,Bán đô thị,7787.0,0,Giảm
Vĩnh Phúc,Đồng bằng sông Hồng,Bắc,2019,8186.0,2.39,934.0,991.3,8764.453961456104,Cao,Thấp,Bán đô thị,,0,Giảm
Vĩnh Phúc,Đồng bằng sông Hồng,Bắc,2020,6980.0,2.39,934.0,991.3,7473.233404710921,Cao,Thấp,Bán đô thị,8186.0,0,Giảm
Vĩnh Phúc,Đồng bằng sông Hồng,Bắc,2021,6257.0,2.37,934.0,991.3,6699.14346895075,Cao,Thấp,Bán đô thị,6980.0,0,Giảm
Vĩnh Phúc,Đồng bằng sông Hồng,Bắc,2022,7905.0,2.23,934.0,991.3,8463.597430406851,Cao,Thấp,Bán đô thị,6257.0,1,Tăng/Giữ nguyên
Vĩnh Phúc,Đồng bằng sông Hồng,Bắc,2023,7436.0,2.23,934.0,991.3,7961.456102783725,Cao,Thấp,Bán đô thị,7905.0,0,Giảm
Vĩnh Phúc,Đồng bằng sông Hồng,Bắc,2024,7124.0,2.19,934.0,991.3,7627.408993576017,Cao,Thấp,Bán đô thị,7436.0,0,Giảm
Yên Bái,Trung du và miền núi phía Bắc,Bắc,2019,5953.0,2.74,119.0,125.4,50025.21008403361,Cao,Cao,Nông thôn,,0,Giảm
Yên Bái,Trung du và miền núi phía Bắc,Bắc,2020,5967.0,2.64,119.0,125.4,50142.857142857145,Cao,Cao,Nông thôn,5953.0,1,Tăng/Giữ nguyên
Yên Bái,Trung du và miền núi phía Bắc,Bắc,2021,5970.0,2.77,119.0,125.4,50168.06722689076,Cao,Cao,Nông thôn,5967.0,1,Tăng/Giữ nguyên
Yên Bái,Trung du và miền núi phía Bắc,Bắc,2022,5966.0,2.58,119.0,125.4,50134.4537815126,Cao,Cao,Nông thôn,5970.0,0,Giảm
Yên Bái,Trung du và miền núi phía Bắc,Bắc,2023,6253.0,2.45,119.0,125.4,52546.21848739496,Cao,Cao,Nông thôn,5966.0,1,Tăng/Giữ nguyên
Yên Bái,Trung du và miền núi phía Bắc,Bắc,2024,5709.0,2.47,119.0,125.4,47974.78991596639,Cao,Cao,Nông thôn,6253.0,0,Giảm
Điện Biên,Trung du và miền núi phía Bắc,Bắc,2019,4837.0,2.72,63.0,68.8,76777.77777777777,Cao,Cao,Nông thôn,,0,Giảm
Điện Biên,Trung du và miền núi phía Bắc,Bắc,2020,5560.0,2.66,63.0,68.8,88253.96825396825,Cao,Cao,Nông thôn,4837.0,1,Tăng/Giữ nguyên
Điện Biên,Trung du và miền núi phía Bắc,Bắc,2021,4209.0,2.7,63.0,68.8,66809.52380952382,Cao,Cao,Nông thôn,5560.0,0,Giảm
Điện Biên,Trung du và miền núi phía Bắc,Bắc,2022,5506.0,2.74,63.0,68.8,87396.82539682538,Cao,Cao,Nông thôn,4209.0,1,Tăng/Giữ nguyên
Điện Biên,Trung du và miền núi phía Bắc,Bắc,2023,6125.0,2.56,63.0,68.8,97222.22222222223,Cao,Cao,Nông thôn,5506.0,1,Tăng/Giữ nguyên
Điện Biên,Trung du và miền núi phía Bắc,Bắc,2024,5529.0,2.6,63.0,68.8,87761.90476190476,Cao,Cao,Nông thôn,6125.0,0,Giảm
Đà Nẵng,Bắc Trung Bộ và Duyên hải miền Trung,Trung,2019,8048.0,1.88,888.0,993.2,9063.063063063064,Trung bình,Thấp,Bán đô thị,,0,Giảm
Đà Nẵng,Bắc Trung Bộ và Duyên hải miền Trung,Trung,2020,6413.0,2.09,888.0,993.2,7221.846846846847,Trung bình,Thấp,Bán đô thị,8048.0,0,Giảm
Đà Nẵng,Bắc Trung Bộ và Duyên hải miền Trung,Trung,2021,5416.0,2.02,888.0,993.2,6099.0990990990995,Trung bình,Thấp,Bán đô thị,6413.0,0,Giảm
Đà Nẵng,Bắc Trung Bộ và Duyên hải miền Trung,Trung,2022,6418.0,2.02,888.0,993.2,7227.477477477478,Trung bình,Thấp,Bán đô thị,5416.0,1,Tăng/Giữ nguyên
Đà Nẵng,Bắc Trung Bộ và Duyên hải miền Trung,Trung,2023,6900.0,2.03,888.0,993.2,7770.27027027027,Trung bình,Thấp,Bán đô thị,6418.0,1,Tăng/Giữ nguyên
Đà Nẵng,Bắc Trung Bộ và Duyên hải miền Trung,Trung,2024,6127.0,1.9,888.0,993.2,6899.774774774774,Trung bình,Thấp,Bán đô thị,6900.0,0,Giảm
Đắk Lắk,Tây Nguyên,Trung,2019,16925.0,2.37,144.0,148.9,117534.72222222223,Cao,Cao,Nông thôn,,0,Giảm
Đắk Lắk,Tây Nguyên,Trung,2020,15765.0,2.36,144.0,148.9,109479.16666666667,Cao,Cao,Nông thôn,16925.0,0,Giảm
Đắk Lắk,Tây Nguyên,Trung,2021,11712.0,2.15,144.0,148.9,81333.33333333333,Cao,Cao,Nông thôn,15765.0,0,Giảm
Đắk Lắk,Tây Nguyên,Trung,2022,17386.0,2.1,144.0,148.9,120736.11111111111,Trung bình,Cao,Nông thôn,11712.0,1,Tăng/Giữ nguyên
Đắk Lắk,Tây Nguyên,Trung,2023,16699.0,2.19,144.0,148.9,115965.27777777777,Cao,Cao,Nông thôn,17386.0,0,Giảm
Đắk Lắk,Tây Nguyên,Trung,2024,16105.0,2.17,144.0,148.9,111840.27777777777,Cao,Cao,Nông thôn,16699.0,0,Giảm
Đắk Nông,Tây Nguyên,Trung,2019,4474.0,2.68,96.0,106.9,46604.166666666664,Cao,Cao,Nông thôn,,0,Giảm
Đắk Nông,Tây Nguyên,Trung,2020,4609.0,2.61,96.0,106.9,48010.416666666664,Cao,Cao,Nông thôn,4474.0,1,Tăng/Giữ nguyên
Đắk Nông,Tây Nguyên,Trung,2021,3525.0,2.68,96.0,106.9,36718.75,Cao,Trung bình,Nông thôn,4609.0,0,Giảm
Đắk Nông,Tây Nguyên,Trung,2022,5668.0,2.54,96.0,106.9,59041.666666666664,Cao,Cao,Nông thôn,3525.0,1,Tăng/Giữ nguyên
Đắk Nông,Tây Nguyên,Trung,2023,5609.0,2.51,96.0,106.9,58427.083333333336,Cao,Cao,Nông thôn,5668.0,0,Giảm
Đắk Nông,Tây Nguyên,Trung,2024,6265.0,2.56,96.0,106.9,65260.41666666667,Cao,Cao,Nông thôn,5609.0,1,Tăng/Giữ nguyên
Đồng Nai,Đông Nam Bộ,Nam,2019,18715.0,1.9,531.0,574.0,35244.82109227872,Trung bình,Trung bình,Bán đô thị,,0,Giảm
Đồng Nai,Đông Nam Bộ,Nam,2020,19450.0,1.97,531.0,574.0,36629.00188323917,Trung bình,Trung bình,Bán đô thị,18715.0,1,Tăng/Giữ nguyên
Đồng Nai,Đông Nam Bộ,Nam,2021,13286.0,1.86,531.0,574.0,25020.715630885123,Trung bình,Trung bình,Bán đô thị,19450.0,0,Giảm
Đồng Nai,Đông Nam Bộ,Nam,2022,24228.0,1.87,531.0,574.0,45627.1186440678,Trung bình,Cao,Bán đô thị,13286.0,1,Tăng/Giữ nguyên
Đồng Nai,Đông Nam Bộ,Nam,2023,20178.0,1.52,531.0,574.0,38000.0,Thấp,Trung bình,Bán đô thị,24228.0,0,Giảm
Đồng Nai,Đông Nam Bộ,Nam,2024,17942.0,1.54,531.0,574.0,33789.07721280603,Thấp,Trung bình,Bán đô thị,20178.0,0,Giảm
Đồng Tháp,Đồng bằng sông Cửu Long,Nam,2019,13408.0,1.78,472.0,473.4,28406.77966101695,Thấp,Trung bình,Nông thôn,,0,Giảm
Đồng Tháp,Đồng bằng sông Cửu Long,Nam,2020,12196.0,1.87,472.0,473.4,25838.983050847455,Trung bình,Trung bình,Nông thôn,13408.0,0,Giảm
Đồng Tháp,Đồng bằng sông Cửu Long,Nam,2021,8161.0,1.85,472.0,473.4,17290.254237288136,Trung bình,Thấp,Nông thôn,12196.0,0,Giảm
Đồng Tháp,Đồng bằng sông Cửu Long,Nam,2022,14430.0,1.64,472.0,473.4,30572.033898305082,Thấp,Trung bình,Nông thôn,8161.0,1,Tăng/Giữ nguyên
Đồng Tháp,Đồng bằng sông Cửu Long,Nam,2023,14241.0,1.83,472.0,473.4,30171.610169491527,Trung bình,Trung bình,Nông thôn,14430.0,0,Giảm
Đồng Tháp,Đồng bằng sông Cửu Long,Nam,2024,13031.0,1.74,472.0,473.4,27608.050847457627,Thấp,Trung bình,Nông thôn,14241.0,0,Giảm
